{"val_loss": 0.6781413555145264, "_timestamp": 1662584449.262688, "_runtime": 14.93852186203003, "_step": 0, "_wandb": {"runtime": 13}}