{"val_loss": 0.22616757452487946, "_timestamp": 1662578822.2888775, "_runtime": 4.635238409042358, "_step": 0, "_wandb": {"runtime": 1}}