{"val_loss": 0.08559464663267136, "_timestamp": 1662585809.0011878, "_runtime": 9.438922882080078, "_step": 0, "_wandb": {"runtime": 5}}