{"val_loss": 0.04445059970021248, "_timestamp": 1662578633.9205341, "_runtime": 13.887387037277222, "_step": 0, "_wandb": {"runtime": 11}}