{"val_loss": 0.15887151658535004, "_timestamp": 1662579973.099467, "_runtime": 9.503217935562134, "_step": 0, "_wandb": {"runtime": 5}}