{"val_loss": 0.17487308382987976, "_timestamp": 1662577439.131024, "_runtime": 18.065653800964355, "_step": 0, "_wandb": {"runtime": 16}}