{"val_loss": 0.15336832404136658, "_timestamp": 1662577407.1171927, "_runtime": 12.014639854431152, "_step": 0, "_wandb": {"runtime": 10}}