{"val_loss": 0.07379528135061264, "_timestamp": 1662584060.0502074, "_runtime": 15.953325271606445, "_step": 0, "_wandb": {"runtime": 14}}