{"val_loss": 0.20361371338367462, "_timestamp": 1662579321.1367726, "_runtime": 14.906968593597412, "_step": 0, "_wandb": {"runtime": 11}}