{"val_loss": 0.18236178159713745, "_timestamp": 1662579891.9116654, "_runtime": 17.8811674118042, "_step": 0, "_wandb": {"runtime": 13}}