{"val_loss": 0.2562866806983948, "_timestamp": 1662577488.1585329, "_runtime": 8.565674781799316, "_step": 0, "_wandb": {"runtime": 7}}