{"val_loss": 0.1005481705069542, "_timestamp": 1662577978.5119946, "_runtime": 15.75871753692627, "_step": 0, "_wandb": {"runtime": 13}}