{"val_loss": 0.18069328367710114, "_timestamp": 1662585442.1033926, "_runtime": 31.203179597854614, "_step": 0, "_wandb": {"runtime": 26}}