{"val_loss": 0.2032526433467865, "_timestamp": 1662579272.583647, "_runtime": 13.690638065338135, "_step": 0, "_wandb": {"runtime": 10}}