{"val_loss": 0.20896176993846893, "_timestamp": 1662577868.2143264, "_runtime": 17.482689380645752, "_step": 0, "_wandb": {"runtime": 15}}