{"val_loss": 0.09992943704128265, "_timestamp": 1662585395.3639207, "_runtime": 6.53335976600647, "_step": 0, "_wandb": {"runtime": 2}}