{"val_loss": 0.16545620560646057, "_timestamp": 1662585224.8754747, "_runtime": 22.194345712661743, "_step": 0, "_wandb": {"runtime": 19}}