{"val_loss": 0.16670136153697968, "_timestamp": 1662584121.1071281, "_runtime": 3.6969451904296875, "_step": 0, "_wandb": {"runtime": 2}}