{"val_loss": 0.26403671503067017, "_timestamp": 1662578281.269929, "_runtime": 17.566323041915894, "_step": 0, "_wandb": {"runtime": 14}}