{"val_loss": 0.022857079282402992, "_timestamp": 1662585340.056044, "_runtime": 40.7498722076416, "_step": 0, "_wandb": {"runtime": 37}}