{"val_loss": 0.08675285428762436, "_timestamp": 1662584031.0984478, "_runtime": 8.250200748443604, "_step": 0, "_wandb": {"runtime": 7}}