{"val_loss": 0.06793522089719772, "_timestamp": 1662578847.8687856, "_runtime": 7.113470554351807, "_step": 0, "_wandb": {"runtime": 4}}