{"val_loss": 0.026083428412675858, "_timestamp": 1662577525.1429806, "_runtime": 24.849995613098145, "_step": 0, "_wandb": {"runtime": 23}}