{"val_loss": 0.05656983703374863, "_timestamp": 1662584600.248676, "_runtime": 10.887595176696777, "_step": 0, "_wandb": {"runtime": 8}}