{"val_loss": 0.16612648963928223, "_timestamp": 1662584760.3282604, "_runtime": 9.116394519805908, "_step": 0, "_wandb": {"runtime": 7}}