{"val_loss": 0.5188372135162354, "_timestamp": 1662585187.2833023, "_runtime": 39.35042333602905, "_step": 0, "_wandb": {"runtime": 37}}