{"val_loss": 0.31964001059532166, "_timestamp": 1662577333.8996613, "_runtime": 12.945561408996582, "_step": 0, "_wandb": {"runtime": 11}}