{"val_loss": 0.3023239076137543, "_timestamp": 1662584525.1243393, "_runtime": 11.551649332046509, "_step": 0, "_wandb": {"runtime": 10}}