{"val_loss": 0.20911751687526703, "_timestamp": 1662579412.0073736, "_runtime": 21.763763666152954, "_step": 0, "_wandb": {"runtime": 16}}