{"val_loss": 0.23908735811710358, "_timestamp": 1662579459.131554, "_runtime": 27.73499083518982, "_step": 0, "_wandb": {"runtime": 24}}