{"val_loss": 0.11735706776380539, "_timestamp": 1662578505.236031, "_runtime": 12.795180082321167, "_step": 0, "_wandb": {"runtime": 10}}