{"val_loss": 0.12845957279205322, "_timestamp": 1662584010.664307, "_runtime": 24.627394199371338, "_step": 0, "_wandb": {"runtime": 23}}