{"val_loss": [0.11792467534542084, 0.00649469206109643, 4.339648640439009e-08], "_timestamp": 1661119937, "_runtime": 8, "_step": 0, "_wandb": {"runtime": 7}}