{"val_loss": 0.24633586406707764, "_timestamp": 1662578009.245366, "_runtime": 19.642611026763916, "_step": 0, "_wandb": {"runtime": 17}}