{"val_loss": 0.056285351514816284, "_timestamp": 1662578216.2450538, "_runtime": 15.336123704910278, "_step": 0, "_wandb": {"runtime": 12}}