{"val_loss": 0.017669731751084328, "_timestamp": 1662578130.4892993, "_runtime": 23.169626235961914, "_step": 0, "_wandb": {"runtime": 20}}