{"val_loss": 0.2974894046783447, "_timestamp": 1662584234.2813697, "_runtime": 23.148000717163086, "_step": 0, "_wandb": {"runtime": 21}}