{"val_loss": 0.19489148259162903, "_timestamp": 1662578873.559841, "_runtime": 14.090781927108765, "_step": 0, "_wandb": {"runtime": 11}}