{"val_loss": 0.40667957067489624, "_timestamp": 1662578668.2513692, "_runtime": 20.041324138641357, "_step": 0, "_wandb": {"runtime": 17}}