{"val_loss": 0.05550757795572281, "_timestamp": 1662584258.7834961, "_runtime": 14.777474164962769, "_step": 0, "_wandb": {"runtime": 13}}