{"val_loss": 0.2157108038663864, "_timestamp": 1662577257.944602, "_runtime": 30.290031909942627, "_step": 0, "_wandb": {"runtime": 29}}