{"val_loss": 0.15159858763217926, "_timestamp": 1662577840.5538292, "_runtime": 11.251457214355469, "_step": 0, "_wandb": {"runtime": 9}}