{"val_loss": 0.23701411485671997, "_timestamp": 1662585006.7201405, "_runtime": 27.563894510269165, "_step": 0, "_wandb": {"runtime": 24}}