{"val_loss": 0.15754619240760803, "_timestamp": 1662579718.4057252, "_runtime": 45.81027126312256, "_step": 0, "_wandb": {"runtime": 38}}