{"val_loss": 0.1091344803571701, "_timestamp": 1662584667.8375003, "_runtime": 9.218064308166504, "_step": 0, "_wandb": {"runtime": 7}}