{"val_loss": 0.0027559834998100996, "_timestamp": 1662584106.4088507, "_runtime": 20.56061863899231, "_step": 0, "_wandb": {"runtime": 19}}