{"val_loss": 0.23583535850048065, "_timestamp": 1662584300.3291051, "_runtime": 29.89576005935669, "_step": 0, "_wandb": {"runtime": 28}}