{"val_loss": 0.09773435443639755, "_timestamp": 1662579086.1704342, "_runtime": 35.318825244903564, "_step": 0, "_wandb": {"runtime": 32}}