{"val_loss": 0.24005800485610962, "_timestamp": 1662580545.9035082, "_runtime": 9.489928245544434, "_step": 0, "_wandb": {"runtime": 4}}