{"val_loss": 0.18157416582107544, "_timestamp": 1662578697.229189, "_runtime": 15.647759914398193, "_step": 0, "_wandb": {"runtime": 12}}