{"val_loss": 0.09715750068426132, "_timestamp": 1662584721.7031424, "_runtime": 19.702645301818848, "_step": 0, "_wandb": {"runtime": 17}}