{"val_loss": 0.17170290648937225, "_timestamp": 1662580455.4659264, "_runtime": 17.550137519836426, "_step": 0, "_wandb": {"runtime": 12}}