{"val_loss": 0.019704468548297882, "_timestamp": 1662579651.1902819, "_runtime": 26.600093841552734, "_step": 0, "_wandb": {"runtime": 22}}