{"val_loss": 0.20886720716953278, "_timestamp": 1662578180.9628155, "_runtime": 7.2998435497283936, "_step": 0, "_wandb": {"runtime": 5}}