{"val_loss": 0.2164905071258545, "_timestamp": 1662584473.9337215, "_runtime": 13.421347618103027, "_step": 0, "_wandb": {"runtime": 11}}