{"val_loss": 0.18554767966270447, "_timestamp": 1662578162.212525, "_runtime": 21.280972957611084, "_step": 0, "_wandb": {"runtime": 19}}