{"val_loss": 0.08060116320848465, "_timestamp": 1662585542.6481478, "_runtime": 38.220688819885254, "_step": 0, "_wandb": {"runtime": 34}}