{"val_loss": 0.006594132166355848, "_timestamp": 1662584869.5791242, "_runtime": 24.093494176864624, "_step": 0, "_wandb": {"runtime": 22}}