{"val_loss": 0.32718387246131897, "_timestamp": 1662584689.3011382, "_runtime": 8.779361248016357, "_step": 0, "_wandb": {"runtime": 7}}