{"val_loss": 0.19810599088668823, "_timestamp": 1662578252.002973, "_runtime": 5.649564981460571, "_step": 0, "_wandb": {"runtime": 3}}