{"val_loss": 0.03223918378353119, "_timestamp": 1662580491.7610037, "_runtime": 21.23411464691162, "_step": 0, "_wandb": {"runtime": 16}}