{"val_loss": 0.11793919652700424, "_timestamp": 1662521014.9558716, "_runtime": 4.658007621765137, "_step": 0, "_wandb": {"runtime": 3}}