{"val_loss": 0.41352346539497375, "_timestamp": 1662585489.5612087, "_runtime": 11.720200777053833, "_step": 0, "_wandb": {"runtime": 8}}