{"val_loss": 0.15381433069705963, "_timestamp": 1662579609.8553097, "_runtime": 17.010156631469727, "_step": 0, "_wandb": {"runtime": 13}}