{"val_loss": 0.2053854614496231, "_timestamp": 1662583954.977356, "_runtime": 15.703933000564575, "_step": 0, "_wandb": {"runtime": 14}}