{"val_loss": 0.23817475140094757, "_timestamp": 1662579922.9271665, "_runtime": 17.454243421554565, "_step": 0, "_wandb": {"runtime": 13}}