{"val_loss": 0.12675058841705322, "_timestamp": 1662584172.0568855, "_runtime": 7.452530384063721, "_step": 0, "_wandb": {"runtime": 6}}