{"val_loss": 0.24466341733932495, "_timestamp": 1662584967.848206, "_runtime": 5.166711091995239, "_step": 0, "_wandb": {"runtime": 2}}