{"val_loss": 0.029546312987804413, "_timestamp": 1662578753.2662592, "_runtime": 15.171947240829468, "_step": 0, "_wandb": {"runtime": 12}}