{"val_loss": 0.23927746713161469, "_timestamp": 1662584351.4685385, "_runtime": 18.361023426055908, "_step": 0, "_wandb": {"runtime": 16}}