{"val_loss": 0.41305214166641235, "_timestamp": 1662585373.2975042, "_runtime": 17.70495915412903, "_step": 0, "_wandb": {"runtime": 14}}