{"val_loss": 0.12831604480743408, "_timestamp": 1662578434.3883798, "_runtime": 12.532197713851929, "_step": 0, "_wandb": {"runtime": 10}}