{"val_loss": 0.15206147730350494, "_timestamp": 1662577384.4139628, "_runtime": 15.599636793136597, "_step": 0, "_wandb": {"runtime": 14}}