{"val_loss": 0.2404334992170334, "_timestamp": 1662577466.4928784, "_runtime": 13.91391134262085, "_step": 0, "_wandb": {"runtime": 7}}