{"val_loss": 0.20217247307300568, "_timestamp": 1662577558.7170732, "_runtime": 21.071791172027588, "_step": 0, "_wandb": {"runtime": 19}}