{"val_loss": 0.11790567636489868, "_timestamp": 1662577122.6536794, "_runtime": 7.475605487823486, "_step": 0, "_wandb": {"runtime": 6}}