{"val_loss": 0.01779451221227646, "_timestamp": 1662577706.5052614, "_runtime": 20.212149381637573, "_step": 0, "_wandb": {"runtime": 18}}