{"val_loss": 0.3763960301876068, "_timestamp": 1662578902.9153225, "_runtime": 10.09090542793274, "_step": 0, "_wandb": {"runtime": 7}}