{"val_loss": 0.192463219165802, "_timestamp": 1662584422.4552827, "_runtime": 4.251532793045044, "_step": 0, "_wandb": {"runtime": 2}}