{"val_loss": 0.11032726615667343, "_timestamp": 1662578373.6835558, "_runtime": 23.24562692642212, "_step": 0, "_wandb": {"runtime": 20}}