{"val_loss": 0.21900363266468048, "_timestamp": 1662585726.0793033, "_runtime": 31.176984310150146, "_step": 0, "_wandb": {"runtime": 26}}