{"val_loss": 0.22704105079174042, "_timestamp": 1662584947.3641844, "_runtime": 23.530081272125244, "_step": 0, "_wandb": {"runtime": 21}}