{"val_loss": 0.08148417621850967, "_timestamp": 1662585624.3033223, "_runtime": 20.41690421104431, "_step": 0, "_wandb": {"runtime": 16}}