{"val_loss": 0.06652471423149109, "_timestamp": 1662580247.364394, "_runtime": 27.797746896743774, "_step": 0, "_wandb": {"runtime": 23}}