{"val_loss": 0.1765800267457962, "_timestamp": 1662579740.5157342, "_runtime": 8.473772287368774, "_step": 0, "_wandb": {"runtime": 4}}