{"val_loss": 0.12037286162376404, "_timestamp": 1662577294.8376389, "_runtime": 15.056606769561768, "_step": 0, "_wandb": {"runtime": 14}}