{"val_loss": 0.8078601360321045, "_timestamp": 1662578088.746269, "_runtime": 23.354290008544922, "_step": 0, "_wandb": {"runtime": 21}}