{"val_loss": 0.1223970577120781, "_timestamp": 1662584739.320422, "_runtime": 4.983243942260742, "_step": 0, "_wandb": {"runtime": 3}}