{"val_loss": 0.1602504402399063, "_timestamp": 1662580580.681244, "_runtime": 12.168365001678467, "_step": 0, "_wandb": {"runtime": 7}}