{"val_loss": [0.11789628118276596, 0.006519020535051823, 1.889203815608198e-08], "_timestamp": 1661119814, "_runtime": 20, "_step": 0, "_wandb": {"runtime": 18}}