{"val_loss": 0.1179007813334465, "_timestamp": 1662521038.112535, "_runtime": 12.026159048080444, "_step": 0, "_wandb": {"runtime": 11}}