{"val_loss": 0.11788661032915115, "_timestamp": 1662520974.177695, "_runtime": 31.100106954574585, "_step": 0, "_wandb": {"runtime": 30}}