{"val_loss": 0.35122859477996826, "_timestamp": 1662579776.5945926, "_runtime": 23.0673086643219, "_step": 0, "_wandb": {"runtime": 19}}