{"val_loss": 0.39448457956314087, "_timestamp": 1662579546.9053912, "_runtime": 15.746377229690552, "_step": 0, "_wandb": {"runtime": 12}}