{"val_loss": 0.2289644479751587, "_timestamp": 1662578030.0778677, "_runtime": 8.065732717514038, "_step": 0, "_wandb": {"runtime": 6}}