{"val_loss": 0.1269357055425644, "_timestamp": 1662584644.2829194, "_runtime": 31.419689416885376, "_step": 0, "_wandb": {"runtime": 29}}