{"val_loss": 0.07853852212429047, "_timestamp": 1662578927.02027, "_runtime": 10.53519606590271, "_step": 0, "_wandb": {"runtime": 7}}