{"val_loss": 0.12723802030086517, "_timestamp": 1662578331.6756895, "_runtime": 28.341028451919556, "_step": 0, "_wandb": {"runtime": 21}}