{"val_loss": 0.18378271162509918, "_timestamp": 1662585025.9135363, "_runtime": 6.119256258010864, "_step": 0, "_wandb": {"runtime": 3}}