{"val_loss": 0.019658127799630165, "_timestamp": 1662577953.5982676, "_runtime": 17.476157665252686, "_step": 0, "_wandb": {"runtime": 15}}