{"val_loss": 0.21276715397834778, "_timestamp": 1662577924.4083667, "_runtime": 9.634243726730347, "_step": 0, "_wandb": {"runtime": 7}}