{"val_loss": 0.1758979856967926, "_timestamp": 1662584540.789141, "_runtime": 3.834897994995117, "_step": 0, "_wandb": {"runtime": 2}}