{"val_loss": 0.06752928346395493, "_timestamp": 1662580114.2075124, "_runtime": 13.213776350021362, "_step": 0, "_wandb": {"runtime": 7}}