{"val_loss": 0.18143509328365326, "_timestamp": 1662578805.0438433, "_runtime": 5.205729246139526, "_step": 0, "_wandb": {"runtime": 2}}