{"val_loss": 0.15046578645706177, "_timestamp": 1662580513.9859362, "_runtime": 10.303039073944092, "_step": 0, "_wandb": {"runtime": 5}}