{"val_loss": 0.17969386279582977, "_timestamp": 1662579948.7353976, "_runtime": 11.501501560211182, "_step": 0, "_wandb": {"runtime": 7}}