{"val_loss": 0.4052431285381317, "_timestamp": 1662585786.575596, "_runtime": 40.78443002700806, "_step": 0, "_wandb": {"runtime": 36}}