{"val_loss": 0.021669533103704453, "_timestamp": 1662585679.3714101, "_runtime": 35.25889801979065, "_step": 0, "_wandb": {"runtime": 30}}