{"val_loss": 0.1782916784286499, "_timestamp": 1662585089.7191296, "_runtime": 16.273760557174683, "_step": 0, "_wandb": {"runtime": 13}}