{"val_loss": 0.13304531574249268, "_timestamp": 1662578233.5401, "_runtime": 4.206387042999268, "_step": 0, "_wandb": {"runtime": 1}}