{"val_loss": 0.27704668045043945, "_timestamp": 1662577799.105765, "_runtime": 12.382385015487671, "_step": 0, "_wandb": {"runtime": 10}}