{"val_loss": 0.294577032327652, "_timestamp": 1662585464.1397836, "_runtime": 7.426947593688965, "_step": 0, "_wandb": {"runtime": 4}}