{"val_loss": 0.16600224375724792, "_timestamp": 1662578455.7609217, "_runtime": 10.51932668685913, "_step": 0, "_wandb": {"runtime": 7}}