{"val_loss": 0.15278106927871704, "_timestamp": 1662585135.501911, "_runtime": 10.540697813034058, "_step": 0, "_wandb": {"runtime": 7}}