{"val_loss": 0.02542886510491371, "_timestamp": 1662579038.0566778, "_runtime": 11.046076774597168, "_step": 0, "_wandb": {"runtime": 7}}