{"val_loss": 0.0646476298570633, "_timestamp": 1662580423.580192, "_runtime": 29.818870067596436, "_step": 0, "_wandb": {"runtime": 24}}