{"val_loss": 0.10709918290376663, "_timestamp": 1662584831.9677918, "_runtime": 8.076267719268799, "_step": 0, "_wandb": {"runtime": 6}}