{"val_loss": 0.09770695120096207, "_timestamp": 1662580379.3690856, "_runtime": 19.03399157524109, "_step": 0, "_wandb": {"runtime": 14}}