{"val_loss": 0.13267579674720764, "_timestamp": 1662584494.5778646, "_runtime": 7.326514720916748, "_step": 0, "_wandb": {"runtime": 5}}