{"val_loss": 0.052438750863075256, "_timestamp": 1662584193.4503863, "_runtime": 3.6329922676086426, "_step": 0, "_wandb": {"runtime": 2}}