{"val_loss": 0.7835941314697266, "_timestamp": 1662577360.0361943, "_runtime": 17.427475214004517, "_step": 0, "_wandb": {"runtime": 16}}