{"val_loss": 0.24182456731796265, "_timestamp": 1662579517.8817587, "_runtime": 35.96820664405823, "_step": 0, "_wandb": {"runtime": 28}}