{"val_loss": 0.2653157114982605, "_timestamp": 1662585588.5636744, "_runtime": 26.191237449645996, "_step": 0, "_wandb": {"runtime": 22}}