{"val_loss": 0.18313853442668915, "_timestamp": 1662577214.2117555, "_runtime": 13.699401617050171, "_step": 0, "_wandb": {"runtime": 12}}