{"val_loss": 0.1426190733909607, "_timestamp": 1662583973.9029028, "_runtime": 8.85425877571106, "_step": 0, "_wandb": {"runtime": 7}}