{"val_loss": 0.16866415739059448, "_timestamp": 1662579124.6513498, "_runtime": 19.124034881591797, "_step": 0, "_wandb": {"runtime": 15}}