{"val_loss": 0.09175025671720505, "_timestamp": 1662584075.4351027, "_runtime": 5.482692718505859, "_step": 0, "_wandb": {"runtime": 4}}