{"val_loss": 0.10082302987575531, "_timestamp": 1662577594.728373, "_runtime": 24.950066089630127, "_step": 0, "_wandb": {"runtime": 22}}