{"val_loss": [0.11796166002750397, 0.006450182292610407, 9.035655779143781e-08], "_timestamp": 1661119969, "_runtime": 3, "_step": 0, "_wandb": {"runtime": 2}}