{"val_loss": 0.1588485687971115, "_timestamp": 1662578598.8055544, "_runtime": 40.116220474243164, "_step": 0, "_wandb": {"runtime": 35}}