{"val_loss": 0.1321350634098053, "_timestamp": 1662584812.8027635, "_runtime": 11.36681842803955, "_step": 0, "_wandb": {"runtime": 9}}