{"val_loss": 0.5050342082977295, "_timestamp": 1662580343.7046466, "_runtime": 26.256474494934082, "_step": 0, "_wandb": {"runtime": 21}}