{"val_loss": 0.3210456073284149, "_timestamp": 1662577774.4392776, "_runtime": 9.36409068107605, "_step": 0, "_wandb": {"runtime": 7}}