{"val_loss": 0.09190646559000015, "_timestamp": 1662579841.5954359, "_runtime": 19.922128915786743, "_step": 0, "_wandb": {"runtime": 15}}