{"val_loss": 0.26142504811286926, "_timestamp": 1662578541.1276426, "_runtime": 25.004613637924194, "_step": 0, "_wandb": {"runtime": 22}}