{"val_loss": [0.11781517416238785, 0.006622599437832832, 2.709797684019577e-07], "_timestamp": 1661119922, "_runtime": 3, "_step": 0, "_wandb": {"runtime": 2}}