{"val_loss": 0.038265738636255264, "_timestamp": 1662578403.250792, "_runtime": 13.821962118148804, "_step": 0, "_wandb": {"runtime": 11}}