{"val_loss": 0.013892866671085358, "_timestamp": 1662579214.4489717, "_runtime": 79.3235068321228, "_step": 0, "_wandb": {"runtime": 76}}