{"val_loss": 0.26466843485832214, "_timestamp": 1662577901.8930886, "_runtime": 14.600375652313232, "_step": 0, "_wandb": {"runtime": 12}}