{"val_loss": 0.16444167494773865, "_timestamp": 1662578717.903083, "_runtime": 7.870354175567627, "_step": 0, "_wandb": {"runtime": 4}}