{"val_loss": 0.11789622902870178, "_timestamp": 1662520996.9204497, "_runtime": 7.112013816833496, "_step": 0, "_wandb": {"runtime": 6}}