{"val_loss": 0.1748538613319397, "_timestamp": 1662579859.5540833, "_runtime": 6.394747257232666, "_step": 0, "_wandb": {"runtime": 2}}