{"val_loss": 0.15166209638118744, "_timestamp": 1662577631.1909776, "_runtime": 23.4448025226593, "_step": 0, "_wandb": {"runtime": 21}}