{"val_loss": 0.18286900222301483, "_timestamp": 1662584375.1953428, "_runtime": 10.729992866516113, "_step": 0, "_wandb": {"runtime": 9}}