{"val_loss": 0.27559903264045715, "_timestamp": 1662577187.7954926, "_runtime": 13.285003662109375, "_step": 0, "_wandb": {"runtime": 12}}