{"val_loss": 0.15515291690826416, "_timestamp": 1662584789.586171, "_runtime": 16.230841875076294, "_step": 0, "_wandb": {"runtime": 13}}