{"val_loss": [0.11788652092218399, 0.006582758389413357, 1.200702968162659e-07], "_timestamp": 1661119913, "_runtime": 21, "_step": 0, "_wandb": {"runtime": 20}}