{"val_loss": 0.44514000415802, "_timestamp": 1662585112.78573, "_runtime": 7.942851781845093, "_step": 0, "_wandb": {"runtime": 4}}