{"val_loss": 0.2722557485103607, "_timestamp": 1662579012.883297, "_runtime": 27.692322969436646, "_step": 0, "_wandb": {"runtime": 21}}