{"val_loss": [0.11784487217664719, 0.006571611389517784, 2.2527532905769476e-07], "_timestamp": 1661119835, "_runtime": 6, "_step": 0, "_wandb": {"runtime": 4}}