{"val_loss": 0.2896561026573181, "_timestamp": 1662580158.9574919, "_runtime": 30.443351984024048, "_step": 0, "_wandb": {"runtime": 26}}