{"val_loss": 0.22088809311389923, "_timestamp": 1662579244.5798054, "_runtime": 9.937662363052368, "_step": 0, "_wandb": {"runtime": 6}}