{"val_loss": 0.7485304474830627, "_timestamp": 1662578966.2453, "_runtime": 25.953815937042236, "_step": 0, "_wandb": {"runtime": 22}}