{"val_loss": 0.04065569117665291, "_timestamp": 1662583927.2379067, "_runtime": 24.905447721481323, "_step": 0, "_wandb": {"runtime": 24}}