{"val_loss": 0.4423935115337372, "_timestamp": 1662585278.1582289, "_runtime": 38.541913986206055, "_step": 0, "_wandb": {"runtime": 35}}