{"val_loss": 0.13445593416690826, "_timestamp": 1662585058.3065808, "_runtime": 16.452378749847412, "_step": 0, "_wandb": {"runtime": 13}}