{"val_loss": 0.24694547057151794, "_timestamp": 1662579580.7712033, "_runtime": 19.685861349105835, "_step": 0, "_wandb": {"runtime": 16}}