{"val_loss": 0.3657998740673065, "_timestamp": 1662584570.2322607, "_runtime": 17.291804790496826, "_step": 0, "_wandb": {"runtime": 15}}