{"val_loss": 0.09882466495037079, "_timestamp": 1662584321.3562136, "_runtime": 9.272992610931396, "_step": 0, "_wandb": {"runtime": 7}}