{"val_loss": 0.3474601209163666, "_timestamp": 1662578473.300282, "_runtime": 5.2987449169158936, "_step": 0, "_wandb": {"runtime": 2}}