{"val_loss": 0.08369635045528412, "_timestamp": 1662579373.9674847, "_runtime": 21.57576870918274, "_step": 0, "_wandb": {"runtime": 18}}