{"val_loss": 0.047612447291612625, "_timestamp": 1662584910.973362, "_runtime": 26.132986068725586, "_step": 0, "_wandb": {"runtime": 23}}