{"val_loss": 0.06812883168458939, "_timestamp": 1662584151.9546597, "_runtime": 18.30104160308838, "_step": 0, "_wandb": {"runtime": 16}}