{"val_loss": 0.22745129466056824, "_timestamp": 1662578053.1033947, "_runtime": 4.628062725067139, "_step": 0, "_wandb": {"runtime": 2}}