{"val_loss": 0.021520690992474556, "_timestamp": 1662578788.7261467, "_runtime": 18.777531623840332, "_step": 0, "_wandb": {"runtime": 14}}