{"val_loss": [0.11788345873355865, 0.006539219990372658, 6.638916971724029e-09], "_timestamp": 1661119957, "_runtime": 12, "_step": 0, "_wandb": {"runtime": 12}}