{"val_loss": 0.8245834112167358, "_timestamp": 1662584407.1118476, "_runtime": 20.733436584472656, "_step": 0, "_wandb": {"runtime": 19}}