{"val_loss": 0.09955306351184845, "_timestamp": 1662579810.4011817, "_runtime": 20.19567561149597, "_step": 0, "_wandb": {"runtime": 16}}