{"val_loss": 0.20587138831615448, "_timestamp": 1662577753.777624, "_runtime": 25.463701009750366, "_step": 0, "_wandb": {"runtime": 23}}