{"val_loss": 0.33007875084877014, "_timestamp": 1662577816.2960508, "_runtime": 8.009135723114014, "_step": 0, "_wandb": {"runtime": 6}}