{"val_loss": 0.19528335332870483, "_timestamp": 1662580294.0771127, "_runtime": 30.25589656829834, "_step": 0, "_wandb": {"runtime": 24}}