{"val_loss": 0.15209197998046875, "_timestamp": 1662579292.7833622, "_runtime": 7.695770263671875, "_step": 0, "_wandb": {"runtime": 4}}