{"val_loss": 0.37027135491371155, "_timestamp": 1662577673.718326, "_runtime": 29.01558208465576, "_step": 0, "_wandb": {"runtime": 27}}