{"val_loss": 0.22565950453281403, "_timestamp": 1662580207.0340674, "_runtime": 35.7775444984436, "_step": 0, "_wandb": {"runtime": 31}}